id,name,screen_name,followers_count,friends_count
101561169,Jennifer Neville,ProfJenNeville,1063,358
101824202,giovanna miritello,gmiritello,1650,963
10204352,Scott Counts,scottjcounts,931,211
1022977543,Declan Butler-Nature,DeclanButlerNat,1266,502
10239,Nikete,nikete,3381,1113
10350,Veronica Belmont,Veronica,1786118,1353
1039531,Jonathan Zittrain,zittrain,42175,6187
103973912,CompleNet 2018,CompleNet,1164,632
103989154,ICWSM,icwsm,2745,688
104070525,Carin Anne Bondar,carinbondar,29631,2789
104246788,Phil Howard,pnhoward,5212,592
1046598080,Brennan Klein,jkbren,498,424
1051171,Ethan Zuckerman,EthanZ,48056,1717
10587552,Michael Bernstein,msbernst,7090,1368
1059273780,Adam Grant,AdamMGrant,127342,994
10716662,Michael Simmons,michaeldsimmons,15528,738
107225267,Steven Pinker,sapinker,356169,40
1075114165,ClaytonNall,ClaytonNall,1781,3066
10778572,Brad DeLong üññüèª,delong,67541,1567
108977933,David Rothschild,DavMicRot,16626,94
109303284,Maya Sen,maya_sen,8067,1327
110050273,Justin Grimmer,justingrimmer,2742,1952
11086372,Karim R. Lakhani,klakhani,8551,2169
11107172,Alexis C. Madrigal,alexismadrigal,203483,5646
111416652,Joseph Stiglitz,stiglitzian,234018,27
1126671,Robert Kirkpatrick,rgkirkpatrick,4397,1072
1131850758,Volunteer Science,VolunteerSci,1563,1732
11348282,NASA,NASA,27324582,270
11388132,Lessig,lessig,373784,294
1149541562,ComplexityExplorer,ComplexExplorer,9264,268
116297274,kate coronges,coronges,268,211
116630713,Monkey Cage,monkeycageblog,39728,410
1169143062,Evelyn Panagakou,evepanag,175,308
116994659,Sam Harris,SamHarrisOrg,961763,225
117539435,Jen Golbeck,jengolbeck,9497,346
11778512,Mason Porter,masonporter,1234,0
11990112,Quercia,danielequercia,5332,5013
12,jack,jack,4133092,3188
12014302,Nick Diakopoulos,ndiakopoulos,5024,796
122724789,SEES Lab,sees_lab,1101,621
1242788624,Peter Turchin,Peter_Turchin,4879,157
124690469,Yanis Varoufakis,yanisvaroufakis,927003,252
12551552,David Karger,karger,2454,92
12565032,Mimi Ito,mizuko,10261,272
1259043697,Data for Social Good,datascifellows,20736,209
127305588,Jerry Coyne,Evolutionistrue,34587,0
12819112,PLOS,PLOS,125072,13128
128292609,Jennifer Ouellette,JenLucPiquant,33689,639
1290351,Nancy Baym,nancybaym,8221,658
13,Biz Stone,biz,3018953,916
1305941,Jason Kottke,jkottke,263881,232
1307251459,Claudia Mihai,claudia_mihai,511,847
1307569508,saray shai,sarayshai,666,587
1314101,Eytan Adar,eytanadar,1738,829
13205612,Manuel Lima,mslima,12078,1171
1322412710,Elisa Bellotti,Elisabel76,424,114
1330457336,Bill Clinton,BillClinton,9348969,31
1339835893,Hillary Clinton,HillaryClinton,20317478,771
1344951,WIRED,WIRED,9890977,311
134908142,Arun Sundararajan,digitalarun,19121,1831
135316691,Jad Abumrad,JadAbumrad,320935,482
1362984396,Dino Pedreschi,DinoPedreschi,1031,777
136325501,PLOS Comp Biol,PLOSCompBiol,14018,389
136658155,Robert Kraut,robertekraut,134,23
13725202,amaral,amaral,878,147
13731562,Devin ‚Äúthis website is a hellscape‚Äù Gaffney,DGaff,1030,508
1376401838,Iyad Rahwan,iyadrahwan,2778,244
13787402,The NPR Science Desk,nprscience,252249,247
1384800560,Emma Spiro,emmaspiro,433,378
13918022,p_binfield,p_binfield,3646,582
13982132,MIT Media Lab,medialab,404330,1137
14065835,Markus Strohmaier,mstrohm,1890,521
1406622804,Luis Bettencourt,BettencourtLuis,858,234
14066472,paco nathan,pacoid,8739,7045
14085070,Carl Zimmer,carlzimmer,277420,990
14093970,Esteban Moro,estebanmoro,3419,1018
14120215,kottke.org,kottke,46285,126
14131652,Steve Borgatti,ittagroB,1695,73
1415772073,Andrew Papachristos,AVPapachristos,3066,1864
14174897,Data Science Central,analyticbridge,175164,4364
142654552,Thilo Gross,thilogross,334,104
14283504,Josh Bongard,DoctorJosh,3094,1929
14344469,Peter Skomoroch,peteskomoroch,41645,2510
1435461,NYT Science,NYTScience,1152003,472
1448304912,Hanna Kokko,kokkonutter,2794,338
145029005,Chris Winship,chris_winship,256,70
1450594406,Sociological Science,SociologicalSci,4941,173
146105775,Senseable City Lab,SenseableCity,17385,171
146175976,Giuseppe Labianca,glabianca,290,281
14634731,Andy Hall,andrewbhall,2329,950
14647570,Scientific American,sciam,3335837,3356
14650130,Ed Felten,EdFelten,9715,397
14659447,Bernie Hogan,blurky,2703,828
14660532,Steve Jones,s_t_e_v_e_jones,3432,2776
14677919,The New Yorker,NewYorker,8299798,411
14706139,Berkman Klein Center for Internet & Society,BKCHarvard,50476,3273
14761795,Chris Anderson,TEDchris,1764046,567
14817871,Daniel Romero,DanielMRomero,748,408
14834340,Jay Rosen,jayrosen_nyu,224493,1156
14839109,dj patil,dpatil,47739,1517
1489206901,James O'Dwyer,Jp_odwyer,722,726
1493423918,NetSci 2015,netsci15,1303,812
149806281,Alain Barrat,alainbarrat,940,180
15008596,Bruno Gon√ßalves,bgoncalves,3275,497
150185852,Maciej Ceglowski,baconmeteor,13358,30
15045590,Claudia Wagner,clauwa,1377,991
15101375,David Eaves,daeaves,10351,537
15103075,Stan Wasserman,stanwass,416,51
15104164,Ben Zimmer,bgzimmer,25274,2050
15125585,John Brockman,edge,48609,133
15143478,Richard Dawkins,RichardDawkins,2563010,366
15154811,Jonathan Eisen, Guardian of Microbial Diversity üí•üîÜ,phylogenomics,47925,6330
15160540,noshir,noshir,4132,777
15166546,brendan o'connor,brendan642,4663,401
15174665,Greg Park,gregorypark,256,199
152143,Eszter Hargittai,eszter,7632,851
1523174335,Kolja Kleineberg,KoljaKleineberg,485,227
152862026,Edward Tufte,EdwardTufte,90064,785
153045056,Hal Varian,halvarian,3193,4
153154765,Global Pulse,UNGlobalPulse,43800,4105
15336340,jahendler,jahendler,5804,736
1536637417,Fiery Cushman,fierycushman,3297,197
1536791610,President Obama,POTUS44,15275113,79
1536811,John Markoff,markoff,62989,1150
15379361,John Myles White,johnmyleswhite,21685,26
15414807,John Maeda,johnmaeda,442665,22970
15421904,Lance Fortnow,fortnow,4722,218
154407102,Nigel Goldenfeld,NigelGoldenfeld,369,40
15446531,Pass-Through Yglesias,mattyglesias,367580,744
15463062,Martin Wattenberg,wattenberg,12411,312
1546977270,Dirk Brockmann,DirkBrockmann,1095,528
15492359,TED Talks,TEDTalks,10736829,541
15496407,Jason H. Moore, PhD,moorejh,17973,13690
155636227,James Gleeson,gleesonj,873,533
15571577,Jacob Ward,_jacobward_,9255,1093
15626406,michael_nielsen,michael_nielsen,19922,2475
15649207,jimiadams,jimiadams,827,584
15659409,Ines Mergel,InesMergel,3254,388
157466475,Molly Roberts,mollyeroberts,2412,1733
15808647,MIT Tech Review,techreview,785877,3369
15810838,Dave Richeson,divbyzero,10460,851
1585948734,Jesse C. Shore,jessecshore,345,414
15862891,Nature News&Comment,NatureNews,1873472,3682
15865878,Nieman Lab,NiemanLab,277405,831
15905103,NPR's Planet Money,planetmoney,349258,407
16017475,Nate Silver,NateSilver538,2792977,1044
16047639,Thomas Leeper,thosjleeper,4156,842
16061930,Jeff Hammerbacher,hackingdata,31414,10150
160651698,David DeSteno,daviddesteno,1957,104
16076032,Glenn Greenwald,ggreenwald,922070,976
1611332490,Network Fact,NetworkFact,26588,18
16129526,Lee Rainie,lrainie,16034,1344
16147557,Keith N Hampton,mysocnet,3090,408
1615252842,Kim Weeden,WeedenKim,2540,411
16174144,Peter Sheridan Dodds,peterdodds,2093,1444
16174436,Sune Lehmann,suneman,7103,319
1617603914,Big Data & Society,BigDataSoc,11825,1525
16184875,loi sessions goulet,lsgoulet,582,233
16191522,Dashun Wang,dashunwang,627,480
16245822,National Science Fdn,NSF,1083014,102
162686169,Daniel Simons,profsimons,7575,612
16303106,Stephen Colbert,StephenAtHome,16514815,33
16330659,SandraGonz√°lezBail√≥n,sgonzalezbailon,800,240
165270515,Teppo Felin,teppofelin,7437,6116
166008261,Jukka-Pekka Onnela,jponnela,1163,329
16614440,Jeremy Foote,jdfoote,487,754
16629994,Brian‚õÑÔ∏èüéÑKeegan,bkeegan,5695,1392
166304741,WIN Workshop,WINWorkshop,413,364
16644070,Karrie Karahalios,kkarahal,966,406
16674284,Mirco Musolesi,mircomusolesi,1310,338
1676175931,Richard E. Lenski,RELenski,8448,1922
1676433602,Benjamin Kerr,evokerr,1071,509
16807355,Joan Morris DiMicco,joandimicco,1608,314
168286576,Nicola Clayton,nickyclayton22,1875,603
16892481,Nicholas Thompson,nxthompson,84676,1496
1689492204,The Vox of PoCS,pocsvox,371,57
16895951,Patrick Meier,PatrickMeier,21646,1293
16910050,Kate Ehrlich,KateEhrlich,292,196
16977293,Alexander Semenov,semenoffalex,366,150
17006157,Paul Krugman,paulkrugman,3900284,28
1704085728,yrCSS,YR_CSS,2500,150
17042078,Virginia Hughes,virginiahughes,30641,2339
17131720,Siddharth (Sid) Suri,ssuri,1938,239
17142046,Ryan Avent,ryanavent,34530,617
171534539,FuturICT,FuturICT,3531,2237
17163609,Monica Rogati,mrogati,36654,491
17179368,Richard Florida,Richard_Florida,198039,1756
17248121,Phys.org,physorg_com,662891,157
17268874,Ben Shneiderman,benbendc,7351,647
17354555,Emilio Ferrara,jabawack,29008,975
17427564,Moira Burke,grammarnerd,2507,256
17471979,National Geographic,NatGeo,20965259,23
174740894,Mariette DiChristina,mdichristina,20425,1673
175624200,John Carmack,ID_AA_Carmack,838538,163
17595439,Chris Anderson,chr1sa,189306,1123
17747818,Dr. Sheen S. Levine,sslevine,46159,6
17751344,stefano bertolo,sclopit,3662,432
17797390,Sharad Goel,5harad,1230,72
178649929,Suzy Moat,suzymoat,3407,3378
17868090,timohannay,timohannay,2746,302
17997789,Dan Ariely,danariely,145930,11
18028509,Tom Peters,tom_peters,150435,8546
18089292,Brendan Maher,bmaher,12446,1269
18247347,Tiago Peixoto,tiagopeixoto,1321,2834
182839127,Laura Helmuth,laurahelmuth,22609,4706
1833561,Samuel Arbesman,arbesman,6457,567
18341734,presnick,presnick,692,63
183575679,Dario Taraborelli,ReaderMeter,3664,2256
184543773,Joe Blitzstein,stat110,9483,3191
18463930,Drew Conway,drewconway,21557,284
18622869,Ezra Klein,ezraklein,2176486,1110
186317110,Dan Hirschman,asociologist,3534,1072
18663556,Matt Blackwell,matt_blackwell,4225,301
18686907,David Frum,davidfrum,571069,752
18805477,jake hofman,jakehofman,4935,463
188104515,Garry Peterson,resilienceSci,5630,1426
1891806212,Shit Academics Say,AcademicsSay,265984,0
1894231788,Data & Society,datasociety,22050,428
18955413,Adam Rogers,jetjocko,13690,1002
190238907,Adam Pah,adamrpah,260,246
19188515,Edward Walker,edwardwalker,1730,774
19188700,Thomas Malone,twmalone,1396,12
19202628,Winter Mason,winteram,1035,504
19256096,F1000Prime,F1000Prime,22372,1659
192679212,Simon Garnier,sjmgarnier,2259,1162
1937243048,Zoltan Toroczkai,zoltantoroczkai,514,148
19402238,Science News,ScienceNews,2697184,611
194399316,Carlos Gershenson,cgershen,2875,164
1954278132,NICO,NICOatNU,666,179
1962699368,Alex Arenas,_AlexArenas,1233,174
1963312058,Joseph E. Stiglitz,JosephEStiglitz,205896,92
19658826,New Scientist,newscientist,3309249,78
19658936,CDC Emergency,CDCemergency,1886176,476
196877476,Joshua B. Plotkin,jplotkin,2158,883
19767193,Ed Yong,edyong209,125858,1470
1979287862,Dan Larremore,DanLarremore,828,183
19803953,Janet Vertesi,cyberlyra,2220,122
19819769,Eric Gilbert,eegilbert,2916,207
19843630,Michael ‚ÄúBrig. Gen., War on Christmas‚Äù Eisen,mbeisen,24937,5923
19920203,Fernanda Vi√©gas,viegasf,11783,38
19939208,David Lusseau,lusseau,1334,2265
19968025,Kate Crawford,katecrawford,31039,2144
20023987,Eduardo G. Altmann,egaltmann,765,435
20280065,Remember H. Rosling,HansRosling,365693,172
20338124,Network Science,networkscience,1060,3
206255645,NatureCommunications,NatureComms,43299,313
20749410,Mark Zuckerberg,finkd,436361,810
20963651,Sean J. Taylor,seanjtaylor,15600,2243
21088249,Andreas Trabesinger,Trabesinger,426,102
21097230,John Palfrey,jpalfrey,11007,2167
21218554,Ananyo Bhattacharya,Ananyo,11920,4717
21401602,Andrea Kavanaugh,akavan,207,288
214272214,Sinan Aral,sinanaral,31633,9723
21457289,Microsoft Research,MSFTResearch,351652,1301
214653213,Andrew Gelman,StatModeling,16394,0
21581503,Guardian Science,guardianscience,1070970,2250
216098950,INSNA,SocNetAnalysts,1638,137
21611239,Sean Carroll,seanmcarroll,131818,372
2167059661,Jenny Bryan,JennyBryan,13387,541
216939636,Andrew Ng,AndrewYNg,227253,336
21713505,Karissa McKelvey,okdistribute,1855,908
217284148,Austan Goolsbee,Austan_Goolsbee,71991,419
217771939,Michael Szell,mszll,1538,910
2195241,Farhad Manjoo (feat. Drake),fmanjoo,166801,4043
22197926,Aaron Koblin,aaronkoblin,26491,604
22272053,Marcus du Sautoy,MarcusduSautoy,48119,304
2230151202,Social Physics,social_physics,4102,94
2232849258,Networks @ LSE,LSENetworks,160,121
224896427,Trevor Bedford,trvrb,2559,479
226041293,Erez Lieberman Aiden,erezaterez,2109,206
22642788,Pew Research Center,pewresearch,343930,81
226571318,Joshua Blumenstock,jblumenstock,356,91
2280718796,Social Physics,SocPhys,2437,1657
22839233,Kaitlin Thaney üíÅüèª,kaythaney,10796,2029
22931893,Seth Mnookin,sethmnookin,35556,1704
2293415520,NatlAcad of Sciences,theNASciences,13929,1015
22979111,Marta C. Gonzalez,martikagv,890,621
2298663788,bernice pescosolido,pescosol,113,87
229910053,Complexity Digest,cxdig,11498,1697
2303751216,FiveThirtyEight,FiveThirtyEight,926747,239
2316224708,Philip Ball,philipcball,6159,117
232294292,Gary Marcus,GaryMarcus,16275,2891
2326120952,Science Advances,ScienceAdvances,5482,105
2329657867,J√ºrgen Pfeffer,JurgenPfeffer,1303,201
2329921,Lada Adamic,ladamic,9760,199
2332368062,Samuel V. Scarpino,svscarpino,956,641
233372517,William Bialek,wbialek,1387,100
2335431,Yong-Yeol Ahn,yy,2850,1028
2338824692,Yale Network Science,YINSedge,2140,327
2340558698,538 politics,538politics,103994,235
2341772972,Data Science Lab,thedatascilab,4156,940
23578176,Jemaine Clement,AJemaineClement,253328,1531
2364445033,Simon DeDeo,SimonDeDeo,3541,3258
236526490,Lawrence H. Summers,LHSummers,105583,528
2374215589,NetSci 2014,netsci14,130,13
2375509748,IUNI,IUNetSci,1035,1090
23760311,Alexandra Witze,alexwitze,17646,3792
2384071,Tim O'Reilly,timoreilly,1988588,1827
23962323,Discover Magazine,DiscoverMag,1145667,583
23989296,Barbara Jasny,bjasny,127,50
240555156,Katy Borner,katycns,1440,69
2424151074,Olaf Sporns,spornslab,7061,322
243804207,Abdullah M Almaatouq,amaatouq,670,644
24411159,Barry Wellman,barrywellman,5693,565
24414370,Anno Saxenian,annosax,1134,375
2451308594,Botometer,Botometer,1658,83
2459490150,NetMob17,netmob17,332,203
246033684,Quid, Inc.,Quid,5440,425
246677519,Michael Batty,jmichaelbatty,4063,112
24669093,Jose Luis Mateos,jlmateos,2619,1026
2467791,Washington Post,washingtonpost,11634732,1454
24789175,James Fallows,JamesFallows,156048,927
247943631,Jeffrey Heer,jeffrey_heer,8585,522
24811237,David Huffaker,davetown101,560,230
25073877,Donald J. Trump,realDonaldTrump,43929606,45
250831420,SONIC Research Group,SonicNU,873,231
252397899,Henry Farrell,henryfarrell,4935,461
252531143,Anne-Marie Slaughter,SlaughterAM,158198,3388
252608121,Yaneer Bar-Yam,yaneerbaryam,6425,169
254300792,Ren√© Pfitzner,RenePfitznerZH,540,91
254497239,Anxo S√°nchez,anxosan,1458,532
255048621,Roberta Sinatra,robysinatra,1780,715
255617445,Bret Victor,worrydream,45569,49
257153464,GianpieroPetriglieri,gpetriglieri,14201,1251
25734277,James Gleick,JamesGleick,32561,177
2583902516,ETHZ Systems Design,ETHZSystDesign,218,90
2584784815,Ryan Gallagher,ryanjgallag,745,944
25864331,Mary L. Gray,marylgray,2903,1185
258847118,PNAS,PNASNews,74765,1186
259771124,Physics arXiv Blog,arxivblog,39901,0
26000689,Duncan Watts,duncanjwatts,14189,300
260685403,Scientific Reports,SciReports,74743,2855
26419626,Jim Bagrow,bagrow,917,236
264501255,Eric Horvitz,erichorvitz,10509,1082
26601529,Carter T. Butts,CarterButts,390,0
266257331,Rajiv Sethi,rajivatbarnard,2169,376
27047369,Cesar Hidalgo,cesifoti,12106,1378
2729061,Cory Doctorow,doctorow,433873,1516
27403471,Cecilia Mascolo,cecim,1111,248
2741029178,ASQ Journal,ASQJournal,3453,284
2742636202,Balazs Vedres,balazsvedres,175,235
2785720331,Complex Systems 2017,ccs17mx,1887,696
28049003,William Gibson,GreatDismal,228215,230
2805421915,ICCSS,IC2S2,1216,109
281877818,Noah Smith,Noahpinion,77118,756
282778510,Simon Jackman,SimonJackman,4448,795
28543386,Physics World,PhysicsWorld,173339,1500
28583197,Radiolab üî¨,Radiolab,262670,1050
2876139185,Arne Traulsen,EvolTheoArne,461,108
2894084200,Bruce Western,WesternBruce,2319,306
2901252195,Federico Levi,fdlevi,420,185
2912834655,ComplexLabBarcelona,clabbarcelona,889,111
2914186151,NetSci Backstage,netscibackstage,318,414
2916305152,Edward Snowden,Snowden,3554582,1
2919151,Joanna J Bryson,j2bryson,8130,1321
29193463,Shamus Khan,shamuskhan,4574,837
2924669003,Scalable Cooperation,scalablecoop,748,156
29354944,Gary King,kinggary,25512,10154
293983295,Vincent Traag,vtraag,988,791
2970511,sam lessin,lessin,9552,197
29717083,Seth Bordenstein,Symbionticism,5135,1341
29735775,IBM Watson,IBMWatson,203859,1674
29749354,Jennifer Chayes,jenniferchayes,1942,115
29757971,Joshua Tucker,j_a_tucker,3922,1382
300735398,Aatish Bhatia,aatishb,13727,2913
3013951,Matthew Hurst,matthewhurst,1408,23
301579658,Chris Danforth,ChrisDanforth,2485,118
30280962,MC Binz-Scharf,mcscharf,921,566
3030922321,DJ Patil (NARA),DJ44,34810,718
3034214643,Patrick Goymer,PatrickGoymer,2687,1165
304928205,Guido Caldarelli Ë¥µÂ§ö,GuidoCaldarelli,2209,1264
30569817,Deb Roy,dkroy,13424,463
306211107,Stefano Battiston,zbattiz,929,419
30706856,Petter Holme,pholme,1751,445
307733133,Lance Bennett,LanceBennett1,926,207
3088703037,Stefano Zapperi,SZapperi,232,157
3092760197,Robert H Frank,econnaturalist,4436,231
3094891,Amy Bruckman,asbruckman,3262,802
31030273,Gabriella Coleman,BiellaColeman,46971,2178
31035336,Marc Abrahams,MarcAbrahams,9305,774
315382048,Ron Burt,ron_burt,240,38
315718020,Daniel B. Stouffer,StoufferLab,630,346
316327930,Neuroskeptic,Neuro_Skeptic,118764,405
316389142,John Oliver,iamjohnoliver,4699334,101
316651357,Luca Pappalardo,lucpappalard,1511,2526
317422543,Ricard Sole,ricard_sole,2778,776
3183721,Gilad Lotan,gilgul,17933,2765
31936449,Lior Pachter,lpachter,9671,668
320268880,Hopi Hoekstra,hopihoekstra,8219,607
320922867,James S McDonnell Fd,JSMF,872,368
32372834,Science Magazine,sciencemagazine,1075632,500
3238448948,Carl T. Bergstrom,CT_Bergstrom,5104,988
324508782,Betsy Levy Paluck,betsylevyp,4083,942
32493647,Tim Harford,TimHarford,134406,667
326405840,Lynn Vavreck,vavreck,9521,731
3270678680,Pedro Domingos,pmddomingos,15734,127
32729442,Iain Couzin,icouzin,6404,3378
32807399,Kristina Lerman,KristinaLerman,959,190
33786195,Ben Waber,bwaber,2295,420
33838201,Google Research,googleresearch,1197354,19
33964198,Northwestern Engineering,NorthwesternEng,5203,444
340435374,Joshua Weitz,joshuasweitz,1546,1446
3449673255,Martin A. Nowak,DrMANowak,1872,210
3452911,Kevin Weil,kevinweil,72008,2267
3475,DAVE MORIN,davemorin,466722,1157
350424151,Altmetric,altmetric,20933,2245
352673744,Richard H Thaler,R_Thaler,108280,471
353308055,Rachel Ehrenberg,Rachelwrit,837,702
35467792,Vittoria Colizza,vcolizza,481,256
355774354,Lynn Wu,lynnwuwharton,68,41
35773039,The Atlantic,TheAtlantic,1626327,1036
359772781,Travis Korte,traviskorte,1353,486
360746350,Emily Erikson,emily_erikson,1673,1295
36653441,Johan Ugander,jugander,2299,643
367089411,Santiago Ortiz,moebio,9335,542
367297219,Melanie Mitchell,MelMitchell1,4612,210
367873443,Sam Wang,SamWangPhD,32790,736
36823,Anil Dash,anildash,622103,4910
368379922,UVM Complex Systems,uvmcomplexity,1950,59
370696063,Ryan D. Enos,RyanDEnos,6247,321
37213193,David Lazer,davidlazer,6208,1351
372689892,Marton Karsai,MartonKarsai,273,149
372760774,Marcia McNutt,Marcia4Science,4443,70
3729520335,NetSI,NUnetsi,1898,164
373682248,Hiroki Sayama,HirokiSayama,1670,210
380816062,eLife - the journal,eLife,27852,493
381289719,NassimNicholasTaleb,nntaleb,225319,661
381592902,Rogue Works Progress Administration,GabrielRossman,4426,537
381746423,Bansal Lab,bansallab,1318,401
382134761,Michele Tizzoni,mtizzoni,1160,691
382393,Ciro Cattuto,ciro,3413,1384
384238210,Philip E. Tetlock,PTetlock,11723,200
39108132,Bill Dutton,BiIIDutton,4147,1548
39281968,IQSS @ Harvard,IQSS,4518,360
398500188,prabhakar raghavan,WittedNote,1879,160
40007653,Steve Downs,stephenjdowns,6333,1028
402875257,PeerJ - the journal,thePeerJ,16682,3488
4044061,Brayden King,braydenk,1896,875
405124125,Sendhil Mullainathan,m_sendhil,19069,237
4111281,tina fetner,fetner,1898,96
412548718,Kit Yates,Kit_Yates_Maths,1007,182
415906140,NetScience,net_science,4161,637
41841330,Orgnet, LLC,orgnet,3070,215
42171991,Tobias Preis,t_preis,3529,1468
422,Jason Shellen,shellen,27651,944
426509606,Yamir Moreno,cosnet_bifi,2811,371
43105334,Ricardo Hausmann,ricardo_hausman,107739,1544
4339911,Ian Mulvany,IanMulvany,2963,1201
43593,Mike Bostock,mbostock,50942,304
43652382,Munmun De Choudhury,munmun10,2756,512
437479436,Tarleton Gillespie,TarletonG,2779,453
44196397,Elon Musk,elonmusk,15932181,46
442480428,Omar Lizardo,omar_lizardo,1715,215
444047971,Nolan McCarty,Nolan_Mc,3517,589
449588356,Garry Kasparov,Kasparov63,392485,421
450842550,WikiResearch,WikiResearch,6050,919
4509741,Matthew Salganik,msalganik,2477,238
453124512,Adam Kucharski,AdamJKucharski,1626,472
466096296,Eric Klinenberg,EricKlinenberg,6925,521
4690350990,DynamicalSystemsSIAM,DynamicsSIAM,1196,627
46959037,Roger Highfield,RogerHighfield,16821,2538
4711,Michael Sippey,sippey,25191,596
473315786,Dataverse Project,dataverseorg,3869,2418
475638518,clio andris,urbanclio,743,957
48008938,Yann LeCun,ylecun,69598,176
485109912,Nautilus,NautilusMag,59201,613
487833518,nature,nature,1140445,112
48934428,Annenberg Networks,USCANN,201,85
490363356,Santo Fortunato,santo_fortunato,1956,10
492568945,Jonathan Dushoff,jd_mathbio,669,180
493266463,Benedict Carey,bencareynyt,3018,565
49413866,Randy Olson,randal_olson,114458,125885
49793,Jimmy Wales,jimmy_wales,133211,929
49976458,Oxford Internet Institute,oiioxford,16844,796
500364862,Sergey Dorogovtsev,dorogovtsev,1001,9
5017,joshua schachter,joshu,43740,837
50318716,Sandy Anderson,ara_anderson,1662,664
50393960,Bill Gates,BillGates,41725746,184
5120691,World Economic Forum,wef,3215499,345
52188980,NECSI,NECSI,21375,15870
521906763,Erika Christakis,ErikaChristakis,5462,334
52332354,J. Nathan Matias,natematias,7490,4117
52488565,Oliver Sacks Fdn.,OliverSacks,118512,331
525785424,Daniel Gilbert,DanTGilbert,39050,108
5274241,Scott Golder,redlog,1779,514
529140270,Amy Cuddy,amyjccuddy,72089,998
529438517,Aaron Clauset,aaronclauset,4071,99
529730279,Matjaz Perc,matjazperc,217,95
531697681,Brian Nosek,BrianNosek,11266,889
532074653,Dirk Helbing,DirkHelbing,1820,2
5388852,(((Howard Rheingold))),hrheingold,40913,1396
5415182,Paul Dourish,dourish,3911,1410
54638897,Urs Gasser,ugasser,3760,1330
54680395,Info=Beautiful,infobeautiful,94470,350
54751981,Jonathan Ladd,jonmladd,4524,620
547871798,Ingmar Weber,ingmarweber,1626,1361
5491,Cameron Marlow,cameronmarlow,4514,384
553729228,Alex Pentland,alex_pentland,5432,99
56341402,Laszlo Barabasi,barabasi,10573,221
564089684,Luis M. Rocha,LuisMateusRocha,831,530
56805505,Ingo Scholtes,ingo_S,831,595
5694822,Princeton University,Princeton,286222,1751
5699,Stewart Butterfield,stewart,70779,2631
570503,Fred Stutzman,fstutzman,2206,459
571202103,Medium,Medium,2332278,98
57140128,Vicki Nash,VickiNashOII,1803,937
57187580,chris wiggins,chrishwiggins,5852,1061
572479189,Manlio De Domenico,manlius84,1264,808
57571700,Taha Yasseri,TahaYasseri,3617,83
579299426,Steven Strogatz,stevenstrogatz,36094,921
582161546,alex vespignani,alexvespi,7393,655
587999163,Arthur Lupia,ArthurLupia,3582,678
59268383,Sherry Turkle,STurkle,24590,462
5943622,Marc Andreessen,pmarca,672134,16134
59518694,Michelle N. Meyer,MichelleNMeyer,2302,662
59541594,Christopher Chabris,cfchabris,7189,1246
59728556,Branden Fitelson,fitelson,2137,561
5988062,The Economist,TheEconomist,22471809,160
60308942,Clayton Christensen,claychristensen,161093,166
605012771,David G. Rand,DG_Rand,4717,1883
611941887,hedonometer,hedonometer,1836,24
6141832,Clay Shirky,cshirky,363136,746
621573,BBC Science News,BBCScienceNews,1378727,60
62513246,J.K. Rowling,jk_rowling,13551020,529
62531754,Mike Develin,mdevelin,229,132
62549025,Tom Vanderbilt,tomvanderbilt,8839,1549
628431113,CAOSS NYC,caossnyc,77,78
632724692,Renaud Lambiotte,RenaudLambiotte,1655,50
633,danah boyd,zephoria,145032,1255
633238141,Michael Mauboussin,mjmauboussin,25721,190
6334772,eytan bakshy,eytan,922,105
63511763,Christakis & Fowler,connected_book,3020,34
63859619,Helen Margetts,HelenMargetts,4283,1286
64219646,Jen Schradie,schradie,3249,900
65375759,zeynep tufekci,zeynep,272700,887
661403,Clive Thompson,pomeranian99,33552,1565
67217568,Eric Mazur,eric_mazur,13966,1131
67283363,Nature Physics,NaturePhysics,151295,725
6802182,yu-ru lin,rhodiuslin,177,173
6883122,Omar Wasow,owasow,7490,5864
69133574,Hadley Wickham,hadleywickham,53690,306
691353,Joi Ito,Joi,127360,1456
6981492,Paul Ford,ftrain,38468,702
70478255,Mor Naaman,informor,3594,1431
72842277,Deborah Blum,deborahblum,31469,842
74543,Jennifer Pahlka,pahlkadot,29129,2388
749963,Pierre Omidyar,pierre,536667,475
755373,andrea forte,andicat,1281,295
75641981,Katherine Ognyanova,Ognyanova,3348,733
759249,Dean Eckles,deaneckles,6060,778
761975,·é∑·é™·é¢·é¢ ·éª·é™·èå·è©·éª·é¨Y,mathowie,27956,1082
7622782,David Gutelius,gutelius,3453,530
76228303,Solomon Messing,SolomonMg,2661,1157
765548,Hilary Mason,hmason,100480,1444
76732293,Mike Stringer,mstringer,1094,425
768948493,Colin Camerer,CFCamerer,6820,1140
77712285,Andrea Baronchelli,a_baronca,2089,463
77764733,Mayor Marty Walsh,marty_walsh,255713,2141
77810367,Christopher D. Long,octonion,19024,3336
77990334,Jari Saram√§ki,JariSaramaki,1183,457
782325,Kieran Healy,kjhealy,12763,100
784078,alicetiara,alicetiara,5971,993
78729443,Joe Hellerstein,joe_hellerstein,8776,582
78834227,Dean Malmgren,deanmalmgren,1082,398
788363167,Nicholas A. Christakis,NAChristakis,25219,451
795649,Ryan Sarver,rsarver,283077,2928
7966972,Jeremy Freese,jeremyfreese,3453,942
79923701,Lin-Manuel Miranda,Lin_Manuel,1971891,2428
79997785,Ian Sample,iansample,47184,1279
80375104,Howard (Ted) Welser,tedwelser,150,164
8043842,James Grimmelmann,grimmelm,5818,68
807095,The New York Times,nytimes,40363875,884
80730160,Nicole Ellison,nicole_ellison,3048,336
807365647,Jessica Flack,C4COMPUTATION,2345,372
80750540,Anatoliy Gruzd,gruzd,2980,775
813286,Barack Obama,BarackObama,97492108,626342
8143682,Jure Leskovec,jure,19668,184
8161232,Richard Branson,richardbranson,11849644,3849
816653,TechCrunch,TechCrunch,9853201,965
818340,Marshall Kirkpatrick,marshallk,60678,19534
823957466,Hanna Wallach,hannawallach,8575,826
82867773,Sergi Valverde,svalver,1497,867
833373624,Brooke F Welles,foucaultwelles,1116,401
8381682,Luis von Ahn,LuisvonAhn,33610,42
84351228,Tim Berners-Lee,timberners_lee,265710,470
84653850,Brendan Nyhan,BrendanNyhan,59853,5935
8496762,tylercowen,tylercowen,91693,263
8548612,Julian Sanchez,normative,32741,2102
860158302,Quanta Magazine,QuantaMagazine,36920,322
863612539,Peter Krafft,_pmkr,435,467
86626845,Eric Topol,EricTopol,118278,413
86640232,NYT Graphics,nytgraphics,130910,61
870204174,Thomas W Valente,twvalente,192,44
87223459,Pete Miles,ComplexitySol,3627,3949
8790772,carolyn johnson,Carolynyjohnson,6315,1186
879521,Jonah Peretti,peretti,74539,1764
883296643,CSS Workshop,CSS_Workshop,73,82
8960202,clifflampe,clifflampe,3233,629
8963722,WIRED Science,WIREDScience,2090009,140
90169053,Paul Bloom,paulbloomatyale,47606,387
902498275,NULab,NUlabTMN,1205,326
90258002,Santa Fe Institute,sfiscience,22948,464
919294448,Paul DiMaggio,paul_dimaggio,2887,353
9207632,Maria Popova,brainpicker,828863,304
92116069,Erik Brynjolfsson,erikbryn,154211,958
925988665,Dani Bassett,DaniSBassett,1854,732
9271782,Ed H. Chi,edchi,5483,2217
9286242,Gina Neff,ginasue,5683,2794
930061,Gina Trapani üè≥Ô∏è‚Äçüåà,ginatrapani,359502,232
93476253,Deen Freelon,dfreelon,5062,2019
93782410,Katy Pearce,katypearce,6136,1758
93957809,Eric Schmidt,ericschmidt,2444115,274
94596289,Maximilian Schich,schichmax,776,143
9534522,David Pogue,Pogue,1559621,1799
9541832,Dan Goldstein,dggoldst,4065,2396
95978500,Bernardo Huberman,bhuberman,1005,14
96102210,PLOS Biology,PLOSBiology,55178,4432
964635660,Chris Bail,chris_bail,1816,379
96989025,Albert Diaz-Guilera,anduviera,1283,856
970207298,Elizabeth Warren,SenWarren,3697854,259
976620343,Bill McEvily,BillMcEvily,772,194
988019876,Marc Mangel,MarcMangel1,1124,673
991745802,Cass Sunstein,CassSunstein,63266,268
9946842,Alex Macgillivray,amac,34963,1776
9964362,Judith Donath,judithd,3991,472
997629601,Daniel Dennett,danieldennett,239059,39